{"cameraMode":{"drawMode":0,"name":"Shaded","section":"Shading Mode"},"sceneLighting":false,"audioPlay":false,"sceneViewState":{"showFog":true,"showMaterialUpdate":false,"showSkybox":true,"showFlares":true,"showImageEffects":true,"showParticleSystems":true},"in2DMode":false,"pivot":{"x":-0.10500000417232514,"y":0.2449999898672104,"z":1.596500039100647},"rotation":{"x":-0.03457360342144966,"y":-0.49848681688308718,"z":-0.01989605277776718,"w":0.8659982085227966},"size":0.45104002952575686,"orthographic":true}